Dex,Generation,Name,Rating,Type 1,Type 2,Additional Comments,,Region,Average Rating,,Top 10 Pokemon,Rating,,Type,Pokemon,,,,,,
1,Kanto,Bulbasaur,,grass,poison,,,Kanto,4.294318182,,Phanpy,8.3,,Normal,Teddiursa,,,score next to each pokemon,,,Up Next: 
2,Kanto,Ivysaur,,grass,poison,,,Johto,5.133333333,,Cufant,8.3,,Fighting,Marshadow,,,average rating per type,,,
3,Kanto,Venusaur,,grass,poison,,,Hoenn,4.513235294,,Teddiursa,7.8,,Flying,Charizard,Altaria,,,,,Solosis line
4,Kanto,Charmander,6.4,fire,,"""its sob story doesn't get any pity points""",,Sinnoh,4.928571429,,Swinub,7.8,,Poison,Gengar,,,,,,
5,Kanto,Charmeleon,,fire,,,,Unova,3.596,,Jigglypuff,7.6,,Ground,Phanpy,,,,,,
6,Kanto,Charizard,6.6,fire,flying,,,Kalos,3.75,,Buneary,7.4,,Rock,Omanyte,,,,,,
7,Kanto,Squirtle,,water,,,,Alola,4.3,,Dugtrio,7.3,,Bug,Joltik,,,,,,
8,Kanto,Wartortle,,water,,,,Galar,4.933333333,,Quagsire,7.3,,Ghost,Marshadow,,,,,,
9,Kanto,Blastoise,,water,,,,Hisui,2,,Torchic,7.3,,Steel,Cufant,,,,,,
10,Kanto,Caterpie,,bug,,,,Paldea,2.45,,Marshadow,7.3,,Fire,Torchic,,,,,,
11,Kanto,Metapod,,bug,,,,,,,,,,Water,Quagsire,,,,,,
12,Kanto,Butterfree,,bug,flying,,,,Rated Pokemon,,Bottom 10 Pokemon,Rating,,Grass,Chikorita,,,,,,
13,Kanto,Weedle,6,bug,poison,,,,164,,Koffing,-2,,Electric,Joltik,,,,,,
14,Kanto,Kakuna,3.1,bug,poison,"""A mistake""",,,,,Galvantula,-2,,Psychic,Deoxys,,,,,,
15,Kanto,Beedrill,0.3,bug,poison,"""I don't like its little hand things and I don't like its bum""",,,,,Great Tusk,-1,,Ice,Swinub,,,,,,
16,Kanto,Pidgey,,normal,flying,,,,,,Gumshoos,0,,Dragon,Kingdra,,,,,,
17,Kanto,Pidgeotto,4.5,normal,flying,"""The type of bird that can get with a bird lady, but the bird lady will regret it in the morning""",,,,,Regidrago,0,,Dark,Umbreon,,,,,,
18,Kanto,Pidgeot,,normal,flying,,,,,,Iron Treads,0,,Fairy,Jigglypuff,,,,,,
19,Kanto,Rattata,1,normal,,"""I don't support rats""",,,,,Beedrill,0.3,,,,,,,,,
20,Kanto,Raticate,2,normal,,"""If it lost the tail, it would be a 4/10""",,,,,Pecharunt,0.3,,,,,,,,,
21,Kanto,Spearow,,normal,flying,,,,,,Raikou,0.5,,,,,,,,,
22,Kanto,Fearow,,normal,flying,,,,,,Tentacruel,0.6,,,,,,,,,
23,Kanto,Ekans,3,poison,,"""third anal bead sighting is too much to be a coincidence""",,,,,,,,,,,,,,,
24,Kanto,Arbok,2,poison,,"""Did a 6 year old come up with that?""",,,,,,,,,,,,,,,
25,Kanto,Pikachu,,electric,,,,,,,,,,,,,,,,,
26,Kanto,Raichu,,electric,,,,,,,,,,,,,,,,,
27,Kanto,Sandshrew,,ground,,,,,,,,,,,,,,,,,
28,Kanto,Sandslash,,ground,,,,,,,,,,,,,,,,,
29,Kanto,Nidoran♀,,poison,,,,,,,,,,,,,,,,,
30,Kanto,Nidorina,,poison,,,,,,,,,,,,,,,,,
31,Kanto,Nidoqueen,,poison,ground,,,,,,,,,,,,,,,,
32,Kanto,Nidoran♂,,poison,,,,,,,,,,,,,,,,,
33,Kanto,Nidorino,,poison,,,,,,,,,,,,,,,,,
34,Kanto,Nidoking,,poison,ground,,,,,,,,,,,,,,,,
35,Kanto,Clefairy,,fairy,,,,,,,,,,,,,,,,,
36,Kanto,Clefable,,fairy,,,,,,,,,,,,,,,,,
37,Kanto,Vulpix,6.7,fire,,"""Good hair"" + ""look at that diva"" for alolan version",,,,,,,,,,,,,,,
38,Kanto,Ninetales,,fire,,,,,,,,,,,,,,,,,
39,Kanto,Jigglypuff,7.6,normal,fairy,,,,,,,,,,,,,,,,
40,Kanto,Wigglytuff,,normal,fairy,,,,,,,,,,,,,,,,
41,Kanto,Zubat,,poison,flying,,,,,,,,,,,,,,,,
42,Kanto,Golbat,,poison,flying,,,,,,,,,,,,,,,,
43,Kanto,Oddish,,grass,poison,,,,,,,,,,,,,,,,
44,Kanto,Gloom,,grass,poison,,,,,,,,,,,,,,,,
45,Kanto,Vileplume,,grass,poison,,,,,,,,,,,,,,,,
46,Kanto,Paras,,bug,grass,,,,,,,,,,,,,,,,
47,Kanto,Parasect,,bug,grass,,,,,,,,,,,,,,,,
48,Kanto,Venonat,,bug,poison,,,,,,,,,,,,,,,,
49,Kanto,Venomoth,,bug,poison,,,,,,,,,,,,,,,,
50,Kanto,Diglett,7.1,ground,,"""I like potatoes""",,,,,,,,,,,,,,,
51,Kanto,Dugtrio,7.3,ground,,"""If there were 5 it'd be 7.5""",,,,,,,,,,,,,,,
52,Kanto,Meowth,3,normal,,,,,,,,,,,,,,,,,
53,Kanto,Persian,,normal,,,,,,,,,,,,,,,,,
54,Kanto,Psyduck,,water,,,,,,,,,,,,,,,,,
55,Kanto,Golduck,,water,,,,,,,,,,,,,,,,,
56,Kanto,Mankey,,fighting,,,,,,,,,,,,,,,,,
57,Kanto,Primeape,,fighting,,,,,,,,,,,,,,,,,
58,Kanto,Growlithe,,fire,,,,,,,,,,,,,,,,,
59,Kanto,Arcanine,,fire,,,,,,,,,,,,,,,,,
60,Kanto,Poliwag,,water,,,,,,,,,,,,,,,,,
61,Kanto,Poliwhirl,,water,,,,,,,,,,,,,,,,,
62,Kanto,Poliwrath,,water,fighting,,,,,,,,,,,,,,,,
63,Kanto,Abra,,psychic,,,,,,,,,,,,,,,,,
64,Kanto,Kadabra,,psychic,,,,,,,,,,,,,,,,,
65,Kanto,Alakazam,,psychic,,,,,,,,,,,,,,,,,
66,Kanto,Machop,,fighting,,,,,,,,,,,,,,,,,
67,Kanto,Machoke,,fighting,,,,,,,,,,,,,,,,,
68,Kanto,Machamp,,fighting,,,,,,,,,,,,,,,,,
69,Kanto,Bellsprout,,grass,poison,,,,,,,,,,,,,,,,
70,Kanto,Weepinbell,,grass,poison,,,,,,,,,,,,,,,,
71,Kanto,Victreebel,,grass,poison,,,,,,,,,,,,,,,,
72,Kanto,Tentacool,0.7,water,poison,"""no""",,,,,,,,,,,,,,,
73,Kanto,Tentacruel,0.6,water,poison,"""and no""",,,,,,,,,,,,,,,
74,Kanto,Geodude,,rock,ground,,,,,,,,,,,,,,,,
75,Kanto,Graveler,,rock,ground,,,,,,,,,,,,,,,,
76,Kanto,Golem,,rock,ground,,,,,,,,,,,,,,,,
77,Kanto,Ponyta,,fire,,,,,,,,,,,,,,,,,
78,Kanto,Rapidash,,fire,,,,,,,,,,,,,,,,,
79,Kanto,Slowpoke,5.45,water,psychic,"""I'd eat the tail""",,,,,,,,,,,,,,,
80,Kanto,Slowbro,5.6,water,psychic,"""I don't kink shame""",,,,,,,,,,,,,,,
81,Kanto,Magnemite,3,electric,steel,"""Looks like a failed kids science experiment""",,,,,,,,,,,,,,,
82,Kanto,Magneton,2.5,electric,steel,"""It's worse""",,,,,,,,,,,,,,,
83,Kanto,Farfetch'd,,normal,flying,,,,,,,,,,,,,,,,
84,Kanto,Doduo,,normal,flying,,,,,,,,,,,,,,,,
85,Kanto,Dodrio,,normal,flying,,,,,,,,,,,,,,,,
86,Kanto,Seel,,water,,,,,,,,,,,,,,,,,
87,Kanto,Dewgong,,water,ice,,,,,,,,,,,,,,,,
88,Kanto,Grimer,,poison,,,,,,,,,,,,,,,,,
89,Kanto,Muk,,poison,,,,,,,,,,,,,,,,,
90,Kanto,Shellder,1,water,,"""a little creep""",,,,,,,,,,,,,,,
91,Kanto,Cloyster,3,water,ice,"""gets more points because it has pussy power""",,,,,,,,,,,,,,,
92,Kanto,Gastly,,ghost,poison,,,,,,,,,,,,,,,,
93,Kanto,Haunter,,ghost,poison,,,,,,,,,,,,,,,,
94,Kanto,Gengar,6.5,ghost,poison,Sent her the pic: https://twitter.com/Pokemon/status/1322931167436382209 ,,,,,,,,,,,,,,,
95,Kanto,Onix,2,rock,ground,,,,,,,,,,,,,,,,
96,Kanto,Drowzee,,psychic,,,,,,,,,,,,,,,,,
97,Kanto,Hypno,,psychic,,,,,,,,,,,,,,,,,
98,Kanto,Krabby,,water,,,,,,,,,,,,,,,,,
99,Kanto,Kingler,,water,,,,,,,,,,,,,,,,,
100,Kanto,Voltorb,,electric,,,,,,,,,,,,,,,,,
101,Kanto,Electrode,,electric,,,,,,,,,,,,,,,,,
102,Kanto,Exeggcute,,grass,psychic,,,,,,,,,,,,,,,,
103,Kanto,Exeggutor,1.3,grass,psychic,"""Looks like a demented pineapple""",,,,,,,,,,,,,,,
104,Kanto,Cubone,7,ground,,"""looks like a toddler""",,,,,,,,,,,,,,,
105,Kanto,Marowak,5.5,ground,,"""they should both seek therapy""",,,,,,,,,,,,,,,
106,Kanto,Hitmonlee,,fighting,,,,,,,,,,,,,,,,,
107,Kanto,Hitmonchan,,fighting,,,,,,,,,,,,,,,,,
108,Kanto,Lickitung,,normal,,,,,,,,,,,,,,,,,
109,Kanto,Koffing,-2,poison,,"""Too triggering, we're in a pandemic""",,,,,,,,,,,,,,,
110,Kanto,Weezing,,poison,,,,,,,,,,,,,,,,,
111,Kanto,Rhyhorn,,ground,rock,,,,,,,,,,,,,,,,
112,Kanto,Rhydon,,ground,rock,,,,,,,,,,,,,,,,
113,Kanto,Chansey,,normal,,,,,,,,,,,,,,,,,
114,Kanto,Tangela,,grass,,,,,,,,,,,,,,,,,
115,Kanto,Kangaskhan,,normal,,,,,,,,,,,,,,,,,
116,Kanto,Horsea,2,water,,"""I like seahorses, but they did them dirty""",,,,,,,,,,,,,,,
117,Kanto,Seadra,,water,,,,,,,,,,,,,,,,,
118,Kanto,Goldeen,,water,,,,,,,,,,,,,,,,,
119,Kanto,Seaking,,water,,,,,,,,,,,,,,,,,
120,Kanto,Staryu,,water,,,,,,,,,,,,,,,,,
121,Kanto,Starmie,,water,psychic,,,,,,,,,,,,,,,,
122,Kanto,Mr. Mime,,psychic,fairy,,,,,,,,,,,,,,,,
123,Kanto,Scyther,,bug,flying,,,,,,,,,,,,,,,,
124,Kanto,Jynx,,ice,psychic,,,,,,,,,,,,,,,,
125,Kanto,Electabuzz,,electric,,,,,,,,,,,,,,,,,
126,Kanto,Magmar,,fire,,,,,,,,,,,,,,,,,
127,Kanto,Pinsir,1,bug,,"""He looks like a wart""",,,,,,,,,,,,,,,
128,Kanto,Tauros,6,normal,,"""Looks a strong character, but kind of boring. Doesn't have the same level of imagination that other pokemon have"" ",,,,,,,,,,,,,,,
129,Kanto,Magikarp,,water,,,,,,,,,,,,,,,,,
130,Kanto,Gyarados,,water,flying,,,,,,,,,,,,,,,,
131,Kanto,Lapras,,water,ice,,,,,,,,,,,,,,,,
132,Kanto,Ditto,6.5,normal,,,,,,,,,,,,,,,,,
133,Kanto,Eevee,6.7,normal,,"""Honestly, very cuddleable""",,,,,,,,,,,,,,,
134,Kanto,Vaporeon,4.8,water,,"""Why does it have a 17th century style"" (referring to a ruff)",,,,,,,,,,,,,,,
135,Kanto,Jolteon,6.2,electric,,"""If Maki chose to be that Pokemon, it'd be an 11/10""",,,,,,,,,,,,,,,
136,Kanto,Flareon,5.7,fire,,"""Can't take it seriously with the pompadour""",,,,,,,,,,,,,,,
137,Kanto,Porygon,5.8,normal,,,,,,,,,,,,,,,,,
138,Kanto,Omanyte,6.3,rock,water,"""Sends out good vibes; goofy energy""",,,,,,,,,,,,,,,
139,Kanto,Omastar,,rock,water,,,,,,,,,,,,,,,,
140,Kanto,Kabuto,,rock,water,,,,,,,,,,,,,,,,
141,Kanto,Kabutops,,rock,water,,,,,,,,,,,,,,,,
142,Kanto,Aerodactyl,,rock,flying,,,,,,,,,,,,,,,,
143,Kanto,Snorlax,7,normal,,"""It looks like one of those squishmallows""",,,,,,,,,,,,,,,
144,Kanto,Articuno,6.5,ice,flying,,,,,,,,,,,,,,,,
145,Kanto,Zapdos,4.7,electric,flying,"""Looks like an edgy big bird""",,,,,,,,,,,,,,,
146,Kanto,Moltres,5,fire,flying,,,,,,,,,,,,,,,,
147,Kanto,Dratini,,dragon,,,,,,,,,,,,,,,,,
148,Kanto,Dragonair,,dragon,,,,,,,,,,,,,,,,,
149,Kanto,Dragonite,,dragon,flying,,,,,,,,,,,,,,,,
150,Kanto,Mewtwo,,psychic,,,,,,,,,,,,,,,,,
151,Kanto,Mew,6,psychic,,,,,,,,,,,,,,,,,
152,Johto,Chikorita,7,grass,,"""looks like it's wearing a choker, which is kinda cool"" + ""we stan a latina queen""",,,,,,,,,,,,,,,
153,Johto,Bayleef,5,grass,,,,,,,,,,,,,,,,,
154,Johto,Meganium,5.2,grass,,"""I like the Hawaiian vibes""",,,,,,,,,,,,,,,
155,Johto,Cyndaquil,5.5,fire,,,,,,,,,,,,,,,,,
156,Johto,Quilava,,fire,,,,,,,,,,,,,,,,,
157,Johto,Typhlosion,,fire,,,,,,,,,,,,,,,,,
158,Johto,Totodile,,water,,,,,,,,,,,,,,,,,
159,Johto,Croconaw,,water,,,,,,,,,,,,,,,,,
160,Johto,Feraligatr,,water,,,,,,,,,,,,,,,,,
161,Johto,Sentret,,normal,,,,,,,,,,,,,,,,,
162,Johto,Furret,,normal,,,,,,,,,,,,,,,,,
163,Johto,Hoothoot,,normal,flying,,,,,,,,,,,,,,,,
164,Johto,Noctowl,,normal,flying,,,,,,,,,,,,,,,,
165,Johto,Ledyba,,bug,flying,,,,,,,,,,,,,,,,
166,Johto,Ledian,,bug,flying,,,,,,,,,,,,,,,,
167,Johto,Spinarak,,bug,poison,,,,,,,,,,,,,,,,
168,Johto,Ariados,,bug,poison,,,,,,,,,,,,,,,,
169,Johto,Crobat,,poison,flying,,,,,,,,,,,,,,,,
170,Johto,Chinchou,,water,electric,,,,,,,,,,,,,,,,
171,Johto,Lanturn,,water,electric,,,,,,,,,,,,,,,,
172,Johto,Pichu,,electric,,,,,,,,,,,,,,,,,
173,Johto,Cleffa,,fairy,,,,,,,,,,,,,,,,,
174,Johto,Igglybuff,,normal,fairy,,,,,,,,,,,,,,,,
175,Johto,Togepi,7,fairy,,,,,,,,,,,,,,,,,
176,Johto,Togetic,,fairy,flying,,,,,,,,,,,,,,,,
177,Johto,Natu,,psychic,flying,,,,,,,,,,,,,,,,
178,Johto,Xatu,,psychic,flying,,,,,,,,,,,,,,,,
179,Johto,Mareep,6,electric,,"""Comes off as a little pretentious""",,,,,,,,,,,,,,,
180,Johto,Flaaffy,,electric,,,,,,,,,,,,,,,,,
181,Johto,Ampharos,,electric,,,,,,,,,,,,,,,,,
182,Johto,Bellossom,,grass,,,,,,,,,,,,,,,,,
183,Johto,Marill,6.6,water,fairy,,,,,,,,,,,,,,,,
184,Johto,Azumarill,,water,fairy,,,,,,,,,,,,,,,,
185,Johto,Sudowoodo,,rock,,,,,,,,,,,,,,,,,
186,Johto,Politoed,,water,,,,,,,,,,,,,,,,,
187,Johto,Hoppip,,grass,flying,,,,,,,,,,,,,,,,
188,Johto,Skiploom,,grass,flying,,,,,,,,,,,,,,,,
189,Johto,Jumpluff,,grass,flying,,,,,,,,,,,,,,,,
190,Johto,Aipom,4.4,normal,,,,,,,,,,,,,,,,,
191,Johto,Sunkern,,grass,,,,,,,,,,,,,,,,,
192,Johto,Sunflora,,grass,,,,,,,,,,,,,,,,,
193,Johto,Yanma,,bug,flying,,,,,,,,,,,,,,,,
194,Johto,Wooper,5.3,water,ground,"""glad it loses its ear branches when it evolves""",,,,,,,,,,,,,,,
195,Johto,Quagsire,7.3,water,ground,,,,,,,,,,,,,,,,
196,Johto,Espeon,4.3,psychic,,"""The weird high schooler who doesn't have any friends and reads everyone's tarot cards""",,,,,,,,,,,,,,,
197,Johto,Umbreon,5,dark,,Ears remind her of bowling pins,,,,,,,,,,,,,,,
198,Johto,Murkrow,,dark,flying,,,,,,,,,,,,,,,,
199,Johto,Slowking,3,water,psychic,"""I hate him"" + ""he kinda reminds me of a monarchy and there's no good monarchy""",,,,,,,,,,,,,,,
200,Johto,Misdreavus,,ghost,,,,,,,,,,,,,,,,,
201,Johto,Unown,,psychic,,,,,,,,,,,,,,,,,
202,Johto,Wobbuffet,,psychic,,,,,,,,,,,,,,,,,
203,Johto,Girafarig,,normal,psychic,,,,,,,,,,,,,,,,
204,Johto,Pineco,,bug,,,,,,,,,,,,,,,,,
205,Johto,Forretress,,bug,steel,,,,,,,,,,,,,,,,
206,Johto,Dunsparce,,normal,,,,,,,,,,,,,,,,,
207,Johto,Gligar,3,ground,flying,"""it looks like the annoying kid in elementary school""",,,,,,,,,,,,,,,
208,Johto,Steelix,,steel,ground,,,,,,,,,,,,,,,,
209,Johto,Snubbull,4.2,fairy,,,,,,,,,,,,,,,,,
210,Johto,Granbull,3.3,fairy,,,,,,,,,,,,,,,,,
211,Johto,Qwilfish,,water,poison,,,,,,,,,,,,,,,,
212,Johto,Scizor,,bug,steel,,,,,,,,,,,,,,,,
213,Johto,Shuckle,,bug,rock,,,,,,,,,,,,,,,,
214,Johto,Heracross,,bug,fighting,,,,,,,,,,,,,,,,
215,Johto,Sneasel,,dark,ice,,,,,,,,,,,,,,,,
216,Johto,Teddiursa,7.8,normal,,,,,,,,,,,,,,,,,
217,Johto,Ursaring,5.2,normal,,"""Not a glow up, but still a strong, independent, bear character""",,,,,,,,,,,,,,,
218,Johto,Slugma,,fire,,,,,,,,,,,,,,,,,
219,Johto,Magcargo,,fire,rock,,,,,,,,,,,,,,,,
220,Johto,Swinub,7.8,ice,ground,"""us"" referring to https://i.pinimg.com/originals/63/bb/6b/63bb6b139b31c04205e281bd93541387.png",,,,,,,,,,,,,,,
221,Johto,Piloswine,5,ice,ground,"""was cute when it was a baby""",,,,,,,,,,,,,,,
222,Johto,Corsola,,water,rock,,,,,,,,,,,,,,,,
223,Johto,Remoraid,,water,,,,,,,,,,,,,,,,,
224,Johto,Octillery,,water,,,,,,,,,,,,,,,,,
225,Johto,Delibird,,ice,flying,,,,,,,,,,,,,,,,
226,Johto,Mantine,,water,flying,,,,,,,,,,,,,,,,
227,Johto,Skarmory,4.6,steel,flying,,,,,,,,,,,,,,,,
228,Johto,Houndour,,dark,fire,,,,,,,,,,,,,,,,
229,Johto,Houndoom,,dark,fire,,,,,,,,,,,,,,,,
230,Johto,Kingdra,6.8,water,dragon,,,,,,,,,,,,,,,,
231,Johto,Phanpy,8.3,ground,,,,,,,,,,,,,,,,,
232,Johto,Donphan,3,ground,,"""giving red pill energy""",,,,,,,,,,,,,,,
233,Johto,Porygon2,,normal,,,,,,,,,,,,,,,,,
234,Johto,Stantler,,normal,,,,,,,,,,,,,,,,,
235,Johto,Smeargle,,normal,,,,,,,,,,,,,,,,,
236,Johto,Tyrogue,,fighting,,,,,,,,,,,,,,,,,
237,Johto,Hitmontop,,fighting,,,,,,,,,,,,,,,,,
238,Johto,Smoochum,,ice,psychic,,,,,,,,,,,,,,,,
239,Johto,Elekid,,electric,,,,,,,,,,,,,,,,,
240,Johto,Magby,,fire,,,,,,,,,,,,,,,,,
241,Johto,Miltank,,normal,,,,,,,,,,,,,,,,,
242,Johto,Blissey,,normal,,,,,,,,,,,,,,,,,
243,Johto,Raikou,0.5,electric,,,,,,,,,,,,,,,,,
244,Johto,Entei,3.3,fire,,,,,,,,,,,,,,,,,
245,Johto,Suicune,4.2,water,,,,,,,,,,,,,,,,,
246,Johto,Larvitar,,rock,ground,,,,,,,,,,,,,,,,
247,Johto,Pupitar,,rock,ground,,,,,,,,,,,,,,,,
248,Johto,Tyranitar,,rock,dark,,,,,,,,,,,,,,,,
249,Johto,Lugia,,psychic,flying,,,,,,,,,,,,,,,,
250,Johto,Ho-Oh,,fire,flying,,,,,,,,,,,,,,,,
251,Johto,Celebi,,psychic,grass,,,,,,,,,,,,,,,,
252,Hoenn,Treecko,3,grass,,"""looks like it has a pair of testicles on its forehead""",,,,,,,,,,,,,,,
253,Hoenn,Grovyle,4.3,grass,,,,,,,,,,,,,,,,,
254,Hoenn,Sceptile,,grass,,,,,,,,,,,,,,,,,
255,Hoenn,Torchic,7.3,fire,,"""The chicken be little-ing""",,,,,,,,,,,,,,,
256,Hoenn,Combusken,3.2,fire,fighting,"""If the pollos hermanos logo broke bad""",,,,,,,,,,,,,,,
257,Hoenn,Blaziken,3,fire,fighting,"""If a Pokemon were to star in Saturday Night Fever, but also it's ugly""",,,,,,,,,,,,,,,
258,Hoenn,Mudkip,,water,,,,,,,,,,,,,,,,,
259,Hoenn,Marshtomp,,water,ground,,,,,,,,,,,,,,,,
260,Hoenn,Swampert,,water,ground,,,,,,,,,,,,,,,,
261,Hoenn,Poochyena,,dark,,,,,,,,,,,,,,,,,
262,Hoenn,Mightyena,,dark,,,,,,,,,,,,,,,,,
263,Hoenn,Zigzagoon,,normal,,,,,,,,,,,,,,,,,
264,Hoenn,Linoone,,normal,,,,,,,,,,,,,,,,,
265,Hoenn,Wurmple,,bug,,,,,,,,,,,,,,,,,
266,Hoenn,Silcoon,,bug,,,,,,,,,,,,,,,,,
267,Hoenn,Beautifly,,bug,flying,,,,,,,,,,,,,,,,
268,Hoenn,Cascoon,,bug,,,,,,,,,,,,,,,,,
269,Hoenn,Dustox,,bug,poison,,,,,,,,,,,,,,,,
270,Hoenn,Lotad,3.75,water,grass,,,,,,,,,,,,,,,,
271,Hoenn,Lombre,,water,grass,,,,,,,,,,,,,,,,
272,Hoenn,Ludicolo,,water,grass,,,,,,,,,,,,,,,,
273,Hoenn,Seedot,4.2,grass,,,,,,,,,,,,,,,,,
274,Hoenn,Nuzleaf,3,grass,dark,,,,,,,,,,,,,,,,
275,Hoenn,Shiftry,,grass,dark,,,,,,,,,,,,,,,,
276,Hoenn,Taillow,,normal,flying,,,,,,,,,,,,,,,,
277,Hoenn,Swellow,,normal,flying,,,,,,,,,,,,,,,,
278,Hoenn,Wingull,,water,flying,,,,,,,,,,,,,,,,
279,Hoenn,Pelipper,,water,flying,,,,,,,,,,,,,,,,
280,Hoenn,Ralts,1.5,psychic,fairy,Still not a fan (showed gardevoir first); can't control what it turns into,,,,,,,,,,,,,,,
281,Hoenn,Kirlia,1.2,psychic,fairy,Too angsty,,,,,,,,,,,,,,,
282,Hoenn,Gardevoir,1.3,psychic,fairy,Feels like they would be annoying,,,,,,,,,,,,,,,
283,Hoenn,Surskit,,bug,water,,,,,,,,,,,,,,,,
284,Hoenn,Masquerain,,bug,flying,,,,,,,,,,,,,,,,
285,Hoenn,Shroomish,,grass,,,,,,,,,,,,,,,,,
286,Hoenn,Breloom,,grass,fighting,,,,,,,,,,,,,,,,
287,Hoenn,Slakoth,7.2,normal,,"""nihar as a pokemon, irl nihar is a 10 though""",,,,,,,,,,,,,,,
288,Hoenn,Vigoroth,2.2,normal,,"""I don't get the tomato on its head""",,,,,,,,,,,,,,,
289,Hoenn,Slaking,2,normal,,"""he would send you a 'you up' text and maybe even a 'I miss you'""",,,,,,,,,,,,,,,
290,Hoenn,Nincada,,bug,ground,,,,,,,,,,,,,,,,
291,Hoenn,Ninjask,,bug,flying,,,,,,,,,,,,,,,,
292,Hoenn,Shedinja,,bug,ghost,,,,,,,,,,,,,,,,
293,Hoenn,Whismur,,normal,,,,,,,,,,,,,,,,,
294,Hoenn,Loudred,,normal,,,,,,,,,,,,,,,,,
295,Hoenn,Exploud,,normal,,,,,,,,,,,,,,,,,
296,Hoenn,Makuhita,,fighting,,,,,,,,,,,,,,,,,
297,Hoenn,Hariyama,,fighting,,,,,,,,,,,,,,,,,
298,Hoenn,Azurill,,normal,fairy,,,,,,,,,,,,,,,,
299,Hoenn,Nosepass,3,rock,,"""I just don't wanna be rude""",,,,,,,,,,,,,,,
300,Hoenn,Skitty,,normal,,,,,,,,,,,,,,,,,
301,Hoenn,Delcatty,,normal,,,,,,,,,,,,,,,,,
302,Hoenn,Sableye,,dark,ghost,,,,,,,,,,,,,,,,
303,Hoenn,Mawile,,steel,fairy,,,,,,,,,,,,,,,,
304,Hoenn,Aron,,steel,rock,,,,,,,,,,,,,,,,
305,Hoenn,Lairon,,steel,rock,,,,,,,,,,,,,,,,
306,Hoenn,Aggron,,steel,rock,,,,,,,,,,,,,,,,
307,Hoenn,Meditite,,fighting,psychic,,,,,,,,,,,,,,,,
308,Hoenn,Medicham,,fighting,psychic,,,,,,,,,,,,,,,,
309,Hoenn,Electrike,,electric,,,,,,,,,,,,,,,,,
310,Hoenn,Manectric,,electric,,,,,,,,,,,,,,,,,
311,Hoenn,Plusle,6.2,electric,,,,,,,,,,,,,,,,,
312,Hoenn,Minun,6.3,electric,,Liked its energy more than plusle,,,,,,,,,,,,,,,
313,Hoenn,Volbeat,,bug,,,,,,,,,,,,,,,,,
314,Hoenn,Illumise,,bug,,,,,,,,,,,,,,,,,
315,Hoenn,Roselia,,grass,poison,,,,,,,,,,,,,,,,
316,Hoenn,Gulpin,,poison,,,,,,,,,,,,,,,,,
317,Hoenn,Swalot,,poison,,,,,,,,,,,,,,,,,
318,Hoenn,Carvanha,,water,dark,,,,,,,,,,,,,,,,
319,Hoenn,Sharpedo,,water,dark,,,,,,,,,,,,,,,,
320,Hoenn,Wailmer,7,water,,,,,,,,,,,,,,,,,
321,Hoenn,Wailord,,water,,,,,,,,,,,,,,,,,
322,Hoenn,Numel,,fire,ground,,,,,,,,,,,,,,,,
323,Hoenn,Camerupt,,fire,ground,,,,,,,,,,,,,,,,
324,Hoenn,Torkoal,,fire,,,,,,,,,,,,,,,,,
325,Hoenn,Spoink,,psychic,,,,,,,,,,,,,,,,,
326,Hoenn,Grumpig,,psychic,,,,,,,,,,,,,,,,,
327,Hoenn,Spinda,,normal,,,,,,,,,,,,,,,,,
328,Hoenn,Trapinch,,ground,,,,,,,,,,,,,,,,,
329,Hoenn,Vibrava,,ground,dragon,,,,,,,,,,,,,,,,
330,Hoenn,Flygon,,ground,dragon,,,,,,,,,,,,,,,,
331,Hoenn,Cacnea,,grass,,,,,,,,,,,,,,,,,
332,Hoenn,Cacturne,,grass,dark,,,,,,,,,,,,,,,,
333,Hoenn,Swablu,4.4,normal,flying,"""my tastes have evolved, it's kinda cute"" (was originally a 4)",,,,,,,,,,,,,,,
334,Hoenn,Altaria,6.6,dragon,flying,"""A glow up""",,,,,,,,,,,,,,,
335,Hoenn,Zangoose,,normal,,,,,,,,,,,,,,,,,
336,Hoenn,Seviper,,poison,,,,,,,,,,,,,,,,,
337,Hoenn,Lunatone,,rock,psychic,,,,,,,,,,,,,,,,
338,Hoenn,Solrock,,rock,psychic,,,,,,,,,,,,,,,,
339,Hoenn,Barboach,,water,ground,,,,,,,,,,,,,,,,
340,Hoenn,Whiscash,,water,ground,,,,,,,,,,,,,,,,
341,Hoenn,Corphish,,water,,,,,,,,,,,,,,,,,
342,Hoenn,Crawdaunt,,water,dark,,,,,,,,,,,,,,,,
343,Hoenn,Baltoy,6,ground,psychic,"""looks like a peaceful dreidel""",,,,,,,,,,,,,,,
344,Hoenn,Claydol,1.3,ground,psychic,"""demonic vibes""",,,,,,,,,,,,,,,
345,Hoenn,Lileep,,rock,grass,,,,,,,,,,,,,,,,
346,Hoenn,Cradily,,rock,grass,,,,,,,,,,,,,,,,
347,Hoenn,Anorith,,rock,bug,,,,,,,,,,,,,,,,
348,Hoenn,Armaldo,,rock,bug,,,,,,,,,,,,,,,,
349,Hoenn,Feebas,,water,,,,,,,,,,,,,,,,,
350,Hoenn,Milotic,,water,,,,,,,,,,,,,,,,,
351,Hoenn,Castform,6.7,normal,,Likes water droplet one the best,,,,,,,,,,,,,,,
352,Hoenn,Kecleon,,normal,,,,,,,,,,,,,,,,,
353,Hoenn,Shuppet,,ghost,,,,,,,,,,,,,,,,,
354,Hoenn,Banette,,ghost,,,,,,,,,,,,,,,,,
355,Hoenn,Duskull,,ghost,,,,,,,,,,,,,,,,,
356,Hoenn,Dusclops,,ghost,,,,,,,,,,,,,,,,,
357,Hoenn,Tropius,,grass,flying,,,,,,,,,,,,,,,,
358,Hoenn,Chimecho,,psychic,,,,,,,,,,,,,,,,,
359,Hoenn,Absol,,dark,,,,,,,,,,,,,,,,,
360,Hoenn,Wynaut,,psychic,,,,,,,,,,,,,,,,,
361,Hoenn,Snorunt,,ice,,,,,,,,,,,,,,,,,
362,Hoenn,Glalie,,ice,,,,,,,,,,,,,,,,,
363,Hoenn,Spheal,6,ice,water,"""I'd want this pokemon as a friend""",,,,,,,,,,,,,,,
364,Hoenn,Sealeo,5.5,ice,water,"""sealeo looks like he's trying to wear a disguise and it's not working""",,,,,,,,,,,,,,,
365,Hoenn,Walrein,5.3,ice,water,"""if larry david was a pokemon""",,,,,,,,,,,,,,,
366,Hoenn,Clamperl,,water,,,,,,,,,,,,,,,,,
367,Hoenn,Huntail,,water,,,,,,,,,,,,,,,,,
368,Hoenn,Gorebyss,,water,,,,,,,,,,,,,,,,,
369,Hoenn,Relicanth,,water,rock,,,,,,,,,,,,,,,,
370,Hoenn,Luvdisc,7,water,,"""It's not the most exciting Pokemon, but it's cute""",,,,,,,,,,,,,,,
371,Hoenn,Bagon,,dragon,,,,,,,,,,,,,,,,,
372,Hoenn,Shelgon,,dragon,,,,,,,,,,,,,,,,,
373,Hoenn,Salamence,,dragon,flying,,,,,,,,,,,,,,,,
374,Hoenn,Beldum,,steel,psychic,,,,,,,,,,,,,,,,
375,Hoenn,Metang,,steel,psychic,,,,,,,,,,,,,,,,
376,Hoenn,Metagross,,steel,psychic,,,,,,,,,,,,,,,,
377,Hoenn,Regirock,6,rock,,"""solid build, but a 7 when yassified"" (cunty regirock with a handbag)",,,,,,,,,,,,,,,
378,Hoenn,Regice,5,ice,,"""uniquely average""",,,,,,,,,,,,,,,
379,Hoenn,Registeel,1,steel,,"""it's giving your cat cam, and I'm not a fan of being monitored""",,,,,,,,,,,,,,,
380,Hoenn,Latias,,dragon,psychic,,,,,,,,,,,,,,,,
381,Hoenn,Latios,,dragon,psychic,,,,,,,,,,,,,,,,
382,Hoenn,Kyogre,7,water,,,,,,,,,,,,,,,,,
383,Hoenn,Groudon,4.7,ground,,Liked the backstory,,,,,,,,,,,,,,,
384,Hoenn,Rayquaza,4.3,dragon,flying,"""Looks like a bunch of green PVC pipes attached together""",,,,,,,,,,,,,,,
385,Hoenn,Jirachi,,steel,psychic,,,,,,,,,,,,,,,,
386,Hoenn,Deoxys,7,psychic,,"Likes the double-helix arms + ""those hips don't lie""",,,,,,,,,,,,,,,
387,Sinnoh,Turtwig,6.7,grass,,cute,,,,,,,,,,,,,,,
388,Sinnoh,Grotle,,grass,,,,,,,,,,,,,,,,,
389,Sinnoh,Torterra,,grass,ground,,,,,,,,,,,,,,,,
390,Sinnoh,Chimchar,,fire,,,,,,,,,,,,,,,,,
391,Sinnoh,Monferno,,fire,fighting,,,,,,,,,,,,,,,,
392,Sinnoh,Infernape,,fire,fighting,,,,,,,,,,,,,,,,
393,Sinnoh,Piplup,7.1,water,,,,,,,,,,,,,,,,,
394,Sinnoh,Prinplup,,water,,,,,,,,,,,,,,,,,
395,Sinnoh,Empoleon,,water,steel,,,,,,,,,,,,,,,,
396,Sinnoh,Starly,,normal,flying,,,,,,,,,,,,,,,,
397,Sinnoh,Staravia,,normal,flying,,,,,,,,,,,,,,,,
398,Sinnoh,Staraptor,,normal,flying,,,,,,,,,,,,,,,,
399,Sinnoh,Bidoof,5.3,normal,,"""i like that it seems to be a team player"" https://twitter.com/Pokemon/status/1377659532122411010  ",,,,,,,,,,,,,,,
400,Sinnoh,Bibarel,5.3,normal,water,Should be combined with bidoof,,,,,,,,,,,,,,,
401,Sinnoh,Kricketot,,bug,,,,,,,,,,,,,,,,,
402,Sinnoh,Kricketune,,bug,,,,,,,,,,,,,,,,,
403,Sinnoh,Shinx,,electric,,,,,,,,,,,,,,,,,
404,Sinnoh,Luxio,,electric,,,,,,,,,,,,,,,,,
405,Sinnoh,Luxray,,electric,,,,,,,,,,,,,,,,,
406,Sinnoh,Budew,,grass,poison,,,,,,,,,,,,,,,,
407,Sinnoh,Roserade,,grass,poison,,,,,,,,,,,,,,,,
408,Sinnoh,Cranidos,,rock,,,,,,,,,,,,,,,,,
409,Sinnoh,Rampardos,,rock,,,,,,,,,,,,,,,,,
410,Sinnoh,Shieldon,,rock,steel,,,,,,,,,,,,,,,,
411,Sinnoh,Bastiodon,,rock,steel,,,,,,,,,,,,,,,,
412,Sinnoh,Burmy,,bug,,,,,,,,,,,,,,,,,
413,Sinnoh,Wormadam,,bug,grass,,,,,,,,,,,,,,,,
414,Sinnoh,Mothim,,bug,flying,,,,,,,,,,,,,,,,
415,Sinnoh,Combee,,bug,flying,,,,,,,,,,,,,,,,
416,Sinnoh,Vespiquen,,bug,flying,,,,,,,,,,,,,,,,
417,Sinnoh,Pachirisu,,electric,,,,,,,,,,,,,,,,,
418,Sinnoh,Buizel,,water,,,,,,,,,,,,,,,,,
419,Sinnoh,Floatzel,,water,,,,,,,,,,,,,,,,,
420,Sinnoh,Cherubi,,grass,,,,,,,,,,,,,,,,,
421,Sinnoh,Cherrim,,grass,,,,,,,,,,,,,,,,,
422,Sinnoh,Shellos,,water,,,,,,,,,,,,,,,,,
423,Sinnoh,Gastrodon,,water,ground,,,,,,,,,,,,,,,,
424,Sinnoh,Ambipom,,normal,,,,,,,,,,,,,,,,,
425,Sinnoh,Drifloon,,ghost,flying,,,,,,,,,,,,,,,,
426,Sinnoh,Drifblim,,ghost,flying,,,,,,,,,,,,,,,,
427,Sinnoh,Buneary,7.4,normal,,"""It's cute but it also looks like it has growths""",,,,,,,,,,,,,,,
428,Sinnoh,Lopunny,6.8,normal,,"""She looks like she was on the cheerleading team in high school""",,,,,,,,,,,,,,,
429,Sinnoh,Mismagius,,ghost,,,,,,,,,,,,,,,,,
430,Sinnoh,Honchkrow,,dark,flying,,,,,,,,,,,,,,,,
431,Sinnoh,Glameow,,normal,,,,,,,,,,,,,,,,,
432,Sinnoh,Purugly,,normal,,,,,,,,,,,,,,,,,
433,Sinnoh,Chingling,,psychic,,,,,,,,,,,,,,,,,
434,Sinnoh,Stunky,,poison,dark,,,,,,,,,,,,,,,,
435,Sinnoh,Skuntank,,poison,dark,,,,,,,,,,,,,,,,
436,Sinnoh,Bronzor,,steel,psychic,,,,,,,,,,,,,,,,
437,Sinnoh,Bronzong,,steel,psychic,,,,,,,,,,,,,,,,
438,Sinnoh,Bonsly,,rock,,,,,,,,,,,,,,,,,
439,Sinnoh,Mime Jr.,,psychic,fairy,,,,,,,,,,,,,,,,
440,Sinnoh,Happiny,,normal,,,,,,,,,,,,,,,,,
441,Sinnoh,Chatot,,normal,flying,,,,,,,,,,,,,,,,
442,Sinnoh,Spiritomb,,ghost,dark,,,,,,,,,,,,,,,,
443,Sinnoh,Gible,,dragon,ground,,,,,,,,,,,,,,,,
444,Sinnoh,Gabite,,dragon,ground,,,,,,,,,,,,,,,,
445,Sinnoh,Garchomp,,dragon,ground,,,,,,,,,,,,,,,,
446,Sinnoh,Munchlax,4.3,normal,,,,,,,,,,,,,,,,,
447,Sinnoh,Riolu,,fighting,,,,,,,,,,,,,,,,,
448,Sinnoh,Lucario,,fighting,steel,,,,,,,,,,,,,,,,
449,Sinnoh,Hippopotas,,ground,,,,,,,,,,,,,,,,,
450,Sinnoh,Hippowdon,,ground,,,,,,,,,,,,,,,,,
451,Sinnoh,Skorupi,,poison,bug,,,,,,,,,,,,,,,,
452,Sinnoh,Drapion,,poison,dark,,,,,,,,,,,,,,,,
453,Sinnoh,Croagunk,,poison,fighting,,,,,,,,,,,,,,,,
454,Sinnoh,Toxicroak,,poison,fighting,,,,,,,,,,,,,,,,
455,Sinnoh,Carnivine,,grass,,,,,,,,,,,,,,,,,
456,Sinnoh,Finneon,,water,,,,,,,,,,,,,,,,,
457,Sinnoh,Lumineon,,water,,,,,,,,,,,,,,,,,
458,Sinnoh,Mantyke,,water,flying,,,,,,,,,,,,,,,,
459,Sinnoh,Snover,,grass,ice,,,,,,,,,,,,,,,,
460,Sinnoh,Abomasnow,,grass,ice,,,,,,,,,,,,,,,,
461,Sinnoh,Weavile,,dark,ice,,,,,,,,,,,,,,,,
462,Sinnoh,Magnezone,4,electric,steel,"""It's still kinda ugly""",,,,,,,,,,,,,,,
463,Sinnoh,Lickilicky,,normal,,,,,,,,,,,,,,,,,
464,Sinnoh,Rhyperior,,ground,rock,,,,,,,,,,,,,,,,
465,Sinnoh,Tangrowth,,grass,,,,,,,,,,,,,,,,,
466,Sinnoh,Electivire,,electric,,,,,,,,,,,,,,,,,
467,Sinnoh,Magmortar,,fire,,,,,,,,,,,,,,,,,
468,Sinnoh,Togekiss,,fairy,flying,,,,,,,,,,,,,,,,
469,Sinnoh,Yanmega,,bug,flying,,,,,,,,,,,,,,,,
470,Sinnoh,Leafeon,6.7,grass,,"""This one looks sassy""",,,,,,,,,,,,,,,
471,Sinnoh,Glaceon,4.2,ice,,"""I don't like it, not my vibe, could be friends with the high schooler one (referring to Espeon)""",,,,,,,,,,,,,,,
472,Sinnoh,Gliscor,3,ground,flying,"""it looks like it has anal beads for a tail""",,,,,,,,,,,,,,,
473,Sinnoh,Mamoswine,3,ice,ground,"""not cute at all""",,,,,,,,,,,,,,,
474,Sinnoh,Porygon-Z,,normal,,,,,,,,,,,,,,,,,
475,Sinnoh,Gallade,,psychic,fighting,,,,,,,,,,,,,,,,
476,Sinnoh,Probopass,2,rock,steel,"""kinda looks like a zamboni""",,,,,,,,,,,,,,,
477,Sinnoh,Dusknoir,,ghost,,,,,,,,,,,,,,,,,
478,Sinnoh,Froslass,,ice,ghost,,,,,,,,,,,,,,,,
479,Sinnoh,Rotom,,electric,ghost,,,,,,,,,,,,,,,,
480,Sinnoh,Uxie,,psychic,,,,,,,,,,,,,,,,,
481,Sinnoh,Mesprit,,psychic,,,,,,,,,,,,,,,,,
482,Sinnoh,Azelf,,psychic,,,,,,,,,,,,,,,,,
483,Sinnoh,Dialga,,steel,dragon,,,,,,,,,,,,,,,,
484,Sinnoh,Palkia,,water,dragon,,,,,,,,,,,,,,,,
485,Sinnoh,Heatran,,fire,steel,,,,,,,,,,,,,,,,
486,Sinnoh,Regigigas,3.2,normal,,"""looks like a clown""",,,,,,,,,,,,,,,
487,Sinnoh,Giratina,,ghost,dragon,,,,,,,,,,,,,,,,
488,Sinnoh,Cresselia,,psychic,,,,,,,,,,,,,,,,,
489,Sinnoh,Phione,,water,,,,,,,,,,,,,,,,,
490,Sinnoh,Manaphy,,water,,,,,,,,,,,,,,,,,
491,Sinnoh,Darkrai,,dark,,,,,,,,,,,,,,,,,
492,Sinnoh,Shaymin,,grass,,,,,,,,,,,,,,,,,
493,Sinnoh,Arceus,,normal,,,,,,,,,,,,,,,,,
494,Unova,Victini,,psychic,fire,,,,,,,,,,,,,,,,
495,Unova,Snivy,,grass,,,,,,,,,,,,,,,,,
496,Unova,Servine,,grass,,,,,,,,,,,,,,,,,
497,Unova,Serperior,,grass,,,,,,,,,,,,,,,,,
498,Unova,Tepig,,fire,,,,,,,,,,,,,,,,,
499,Unova,Pignite,,fire,fighting,,,,,,,,,,,,,,,,
500,Unova,Emboar,,fire,fighting,,,,,,,,,,,,,,,,
501,Unova,Oshawott,5.36,water,,"""kinda ugly cute but makes cute noises"" referencing this: https://twitter.com/OoCPokemon/status/1305612948170211328",,,,,,,,,,,,,,,
502,Unova,Dewott,,water,,,,,,,,,,,,,,,,,
503,Unova,Samurott,,water,,,,,,,,,,,,,,,,,
504,Unova,Patrat,,normal,,,,,,,,,,,,,,,,,
505,Unova,Watchog,,normal,,,,,,,,,,,,,,,,,
506,Unova,Lillipup,,normal,,,,,,,,,,,,,,,,,
507,Unova,Herdier,,normal,,,,,,,,,,,,,,,,,
508,Unova,Stoutland,,normal,,,,,,,,,,,,,,,,,
509,Unova,Purrloin,,dark,,,,,,,,,,,,,,,,,
510,Unova,Liepard,,dark,,,,,,,,,,,,,,,,,
511,Unova,Pansage,,grass,,,,,,,,,,,,,,,,,
512,Unova,Simisage,,grass,,,,,,,,,,,,,,,,,
513,Unova,Pansear,,fire,,,,,,,,,,,,,,,,,
514,Unova,Simisear,,fire,,,,,,,,,,,,,,,,,
515,Unova,Panpour,,water,,,,,,,,,,,,,,,,,
516,Unova,Simipour,,water,,,,,,,,,,,,,,,,,
517,Unova,Munna,,psychic,,,,,,,,,,,,,,,,,
518,Unova,Musharna,,psychic,,,,,,,,,,,,,,,,,
519,Unova,Pidove,,normal,flying,,,,,,,,,,,,,,,,
520,Unova,Tranquill,,normal,flying,,,,,,,,,,,,,,,,
521,Unova,Unfezant,,normal,flying,,,,,,,,,,,,,,,,
522,Unova,Blitzle,5.3,electric,,"""It's cute in a middle schooly type of way""",,,,,,,,,,,,,,,
523,Unova,Zebstrika,5.1,electric,,"""Looks like an edgy skinny guy with bangs covering their eyes - like a tumblr guy - like an editorial emo boy that's no longer emo - if vogue tried to photograph an emo boy, that's what it would look like""",,,,,,,,,,,,,,,
524,Unova,Roggenrola,,rock,,,,,,,,,,,,,,,,,
525,Unova,Boldore,,rock,,,,,,,,,,,,,,,,,
526,Unova,Gigalith,,rock,,,,,,,,,,,,,,,,,
527,Unova,Woobat,,psychic,flying,,,,,,,,,,,,,,,,
528,Unova,Swoobat,,psychic,flying,,,,,,,,,,,,,,,,
529,Unova,Drilbur,,ground,,,,,,,,,,,,,,,,,
530,Unova,Excadrill,,ground,steel,,,,,,,,,,,,,,,,
531,Unova,Audino,,normal,,,,,,,,,,,,,,,,,
532,Unova,Timburr,,fighting,,,,,,,,,,,,,,,,,
533,Unova,Gurdurr,,fighting,,,,,,,,,,,,,,,,,
534,Unova,Conkeldurr,,fighting,,,,,,,,,,,,,,,,,
535,Unova,Tympole,,water,,,,,,,,,,,,,,,,,
536,Unova,Palpitoad,,water,ground,,,,,,,,,,,,,,,,
537,Unova,Seismitoad,,water,ground,,,,,,,,,,,,,,,,
538,Unova,Throh,,fighting,,,,,,,,,,,,,,,,,
539,Unova,Sawk,,fighting,,,,,,,,,,,,,,,,,
540,Unova,Sewaddle,,bug,grass,,,,,,,,,,,,,,,,
541,Unova,Swadloon,,bug,grass,,,,,,,,,,,,,,,,
542,Unova,Leavanny,,bug,grass,,,,,,,,,,,,,,,,
543,Unova,Venipede,,bug,poison,,,,,,,,,,,,,,,,
544,Unova,Whirlipede,,bug,poison,,,,,,,,,,,,,,,,
545,Unova,Scolipede,,bug,poison,,,,,,,,,,,,,,,,
546,Unova,Cottonee,,grass,fairy,,,,,,,,,,,,,,,,
547,Unova,Whimsicott,,grass,fairy,,,,,,,,,,,,,,,,
548,Unova,Petilil,,grass,,,,,,,,,,,,,,,,,
549,Unova,Lilligant,,grass,,,,,,,,,,,,,,,,,
550,Unova,Basculin,,water,,,,,,,,,,,,,,,,,
551,Unova,Sandile,,ground,dark,,,,,,,,,,,,,,,,
552,Unova,Krokorok,,ground,dark,,,,,,,,,,,,,,,,
553,Unova,Krookodile,,ground,dark,,,,,,,,,,,,,,,,
554,Unova,Darumaka,,fire,,,,,,,,,,,,,,,,,
555,Unova,Darmanitan,,fire,,,,,,,,,,,,,,,,,
556,Unova,Maractus,,grass,,,,,,,,,,,,,,,,,
557,Unova,Dwebble,,bug,rock,,,,,,,,,,,,,,,,
558,Unova,Crustle,,bug,rock,,,,,,,,,,,,,,,,
559,Unova,Scraggy,,dark,fighting,,,,,,,,,,,,,,,,
560,Unova,Scrafty,,dark,fighting,,,,,,,,,,,,,,,,
561,Unova,Sigilyph,,psychic,flying,,,,,,,,,,,,,,,,
562,Unova,Yamask,1,ghost,,"Read the blurb, didn't change opinion: https://twitter.com/DrLavaYT/status/1306438005784158208",,,,,,,,,,,,,,,
563,Unova,Cofagrigus,,ghost,,,,,,,,,,,,,,,,,
564,Unova,Tirtouga,,water,rock,,,,,,,,,,,,,,,,
565,Unova,Carracosta,,water,rock,,,,,,,,,,,,,,,,
566,Unova,Archen,,rock,flying,,,,,,,,,,,,,,,,
567,Unova,Archeops,3.7,rock,flying,"""At least he can fly"" + ""Not getting special treatment"" for being endangered",,,,,,,,,,,,,,,
568,Unova,Trubbish,,poison,,,,,,,,,,,,,,,,,
569,Unova,Garbodor,,poison,,,,,,,,,,,,,,,,,
570,Unova,Zorua,,dark,,,,,,,,,,,,,,,,,
571,Unova,Zoroark,,dark,,,,,,,,,,,,,,,,,
572,Unova,Minccino,,normal,,,,,,,,,,,,,,,,,
573,Unova,Cinccino,,normal,,,,,,,,,,,,,,,,,
574,Unova,Gothita,,psychic,,,,,,,,,,,,,,,,,
575,Unova,Gothorita,,psychic,,,,,,,,,,,,,,,,,
576,Unova,Gothitelle,,psychic,,,,,,,,,,,,,,,,,
577,Unova,Solosis,,psychic,,,,,,,,,,,,,,,,,
578,Unova,Duosion,,psychic,,,,,,,,,,,,,,,,,
579,Unova,Reuniclus,,psychic,,,,,,,,,,,,,,,,,
580,Unova,Ducklett,,water,flying,,,,,,,,,,,,,,,,
581,Unova,Swanna,,water,flying,,,,,,,,,,,,,,,,
582,Unova,Vanillite,,ice,,,,,,,,,,,,,,,,,
583,Unova,Vanillish,,ice,,,,,,,,,,,,,,,,,
584,Unova,Vanilluxe,,ice,,,,,,,,,,,,,,,,,
585,Unova,Deerling,,normal,grass,,,,,,,,,,,,,,,,
586,Unova,Sawsbuck,,normal,grass,,,,,,,,,,,,,,,,
587,Unova,Emolga,,electric,flying,,,,,,,,,,,,,,,,
588,Unova,Karrablast,,bug,,,,,,,,,,,,,,,,,
589,Unova,Escavalier,,bug,steel,,,,,,,,,,,,,,,,
590,Unova,Foongus,,grass,poison,,,,,,,,,,,,,,,,
591,Unova,Amoonguss,1,grass,poison,"""Looks nothing like the Among Us character""",,,,,,,,,,,,,,,
592,Unova,Frillish,,water,ghost,,,,,,,,,,,,,,,,
593,Unova,Jellicent,,water,ghost,,,,,,,,,,,,,,,,
594,Unova,Alomomola,,water,,,,,,,,,,,,,,,,,
595,Unova,Joltik,6.5,bug,electric,"""I don't know why Nihar hates this one so much, it's as cute as a spider can get""",,,,,,,,,,,,,,,
596,Unova,Galvantula,-2,bug,electric,"""I'm uncomfortable""",,,,,,,,,,,,,,,
597,Unova,Ferroseed,,grass,steel,,,,,,,,,,,,,,,,
598,Unova,Ferrothorn,,grass,steel,,,,,,,,,,,,,,,,
599,Unova,Klink,,steel,,,,,,,,,,,,,,,,,
600,Unova,Klang,,steel,,,,,,,,,,,,,,,,,
601,Unova,Klinklang,,steel,,,,,,,,,,,,,,,,,
602,Unova,Tynamo,,electric,,,,,,,,,,,,,,,,,
603,Unova,Eelektrik,,electric,,,,,,,,,,,,,,,,,
604,Unova,Eelektross,,electric,,,,,,,,,,,,,,,,,
605,Unova,Elgyem,5.2,psychic,,"""Looks like an hard boiled egg made of metal""",,,,,,,,,,,,,,,
606,Unova,Beheeyem,4.8,psychic,,"""If Darth Vader was a mushroom""",,,,,,,,,,,,,,,
607,Unova,Litwick,,ghost,fire,,,,,,,,,,,,,,,,
608,Unova,Lampent,,ghost,fire,,,,,,,,,,,,,,,,
609,Unova,Chandelure,,ghost,fire,,,,,,,,,,,,,,,,
610,Unova,Axew,,dragon,,,,,,,,,,,,,,,,,
611,Unova,Fraxure,,dragon,,,,,,,,,,,,,,,,,
612,Unova,Haxorus,,dragon,,,,,,,,,,,,,,,,,
613,Unova,Cubchoo,,ice,,,,,,,,,,,,,,,,,
614,Unova,Beartic,,ice,,,,,,,,,,,,,,,,,
615,Unova,Cryogonal,,ice,,,,,,,,,,,,,,,,,
616,Unova,Shelmet,,bug,,,,,,,,,,,,,,,,,
617,Unova,Accelgor,,bug,,,,,,,,,,,,,,,,,
618,Unova,Stunfisk,,ground,electric,,,,,,,,,,,,,,,,
619,Unova,Mienfoo,,fighting,,,,,,,,,,,,,,,,,
620,Unova,Mienshao,,fighting,,,,,,,,,,,,,,,,,
621,Unova,Druddigon,,dragon,,,,,,,,,,,,,,,,,
622,Unova,Golett,,ground,ghost,,,,,,,,,,,,,,,,
623,Unova,Golurk,,ground,ghost,,,,,,,,,,,,,,,,
624,Unova,Pawniard,,dark,steel,,,,,,,,,,,,,,,,
625,Unova,Bisharp,,dark,steel,,,,,,,,,,,,,,,,
626,Unova,Bouffalant,,normal,,,,,,,,,,,,,,,,,
627,Unova,Rufflet,,normal,flying,,,,,,,,,,,,,,,,
628,Unova,Braviary,,normal,flying,,,,,,,,,,,,,,,,
629,Unova,Vullaby,,dark,flying,,,,,,,,,,,,,,,,
630,Unova,Mandibuzz,,dark,flying,,,,,,,,,,,,,,,,
631,Unova,Heatmor,,fire,,,,,,,,,,,,,,,,,
632,Unova,Durant,,bug,steel,,,,,,,,,,,,,,,,
633,Unova,Deino,,dark,dragon,,,,,,,,,,,,,,,,
634,Unova,Zweilous,,dark,dragon,,,,,,,,,,,,,,,,
635,Unova,Hydreigon,,dark,dragon,,,,,,,,,,,,,,,,
636,Unova,Larvesta,,bug,fire,,,,,,,,,,,,,,,,
637,Unova,Volcarona,,bug,fire,,,,,,,,,,,,,,,,
638,Unova,Cobalion,,steel,fighting,,,,,,,,,,,,,,,,
639,Unova,Terrakion,,rock,fighting,,,,,,,,,,,,,,,,
640,Unova,Virizion,,grass,fighting,,,,,,,,,,,,,,,,
641,Unova,Tornadus,,flying,,,,,,,,,,,,,,,,,
642,Unova,Thundurus,,electric,flying,,,,,,,,,,,,,,,,
643,Unova,Reshiram,,dragon,fire,,,,,,,,,,,,,,,,
644,Unova,Zekrom,,dragon,electric,,,,,,,,,,,,,,,,
645,Unova,Landorus,,ground,flying,,,,,,,,,,,,,,,,
646,Unova,Kyurem,,dragon,ice,,,,,,,,,,,,,,,,
647,Unova,Keldeo,,water,fighting,,,,,,,,,,,,,,,,
648,Unova,Meloetta,,normal,psychic,,,,,,,,,,,,,,,,
649,Unova,Genesect,,bug,steel,,,,,,,,,,,,,,,,
650,Kalos,Chespin,,grass,,,,,,,,,,,,,,,,,
651,Kalos,Quilladin,,grass,,,,,,,,,,,,,,,,,
652,Kalos,Chesnaught,,grass,fighting,,,,,,,,,,,,,,,,
653,Kalos,Fennekin,,fire,,,,,,,,,,,,,,,,,
654,Kalos,Braixen,,fire,,,,,,,,,,,,,,,,,
655,Kalos,Delphox,,fire,psychic,,,,,,,,,,,,,,,,
656,Kalos,Froakie,,water,,,,,,,,,,,,,,,,,
657,Kalos,Frogadier,,water,,,,,,,,,,,,,,,,,
658,Kalos,Greninja,,water,dark,,,,,,,,,,,,,,,,
659,Kalos,Bunnelby,7,normal,,"""What a shame"" in response to knowledge of evolution to Diggersby",,,,,,,,,,,,,,,
660,Kalos,Diggersby,1,normal,ground,"""It looks like it has shit on him""",,,,,,,,,,,,,,,
661,Kalos,Fletchling,,normal,flying,,,,,,,,,,,,,,,,
662,Kalos,Fletchinder,,fire,flying,,,,,,,,,,,,,,,,
663,Kalos,Talonflame,,fire,flying,,,,,,,,,,,,,,,,
664,Kalos,Scatterbug,,bug,,,,,,,,,,,,,,,,,
665,Kalos,Spewpa,,bug,,,,,,,,,,,,,,,,,
666,Kalos,Vivillon,,bug,flying,,,,,,,,,,,,,,,,
667,Kalos,Litleo,,fire,normal,,,,,,,,,,,,,,,,
668,Kalos,Pyroar,,fire,normal,,,,,,,,,,,,,,,,
669,Kalos,Flabébé,,fairy,,,,,,,,,,,,,,,,,
670,Kalos,Floette,,fairy,,,,,,,,,,,,,,,,,
671,Kalos,Florges,,fairy,,,,,,,,,,,,,,,,,
672,Kalos,Skiddo,,grass,,,,,,,,,,,,,,,,,
673,Kalos,Gogoat,,grass,,,,,,,,,,,,,,,,,
674,Kalos,Pancham,,fighting,,,,,,,,,,,,,,,,,
675,Kalos,Pangoro,,fighting,dark,,,,,,,,,,,,,,,,
676,Kalos,Furfrou,5,normal,,"""sultry eyes, but it's also a dog that I wouldn't really want to pet""",,,,,,,,,,,,,,,
677,Kalos,Espurr,,psychic,,,,,,,,,,,,,,,,,
678,Kalos,Meowstic,,psychic,,,,,,,,,,,,,,,,,
679,Kalos,Honedge,,steel,ghost,,,,,,,,,,,,,,,,
680,Kalos,Doublade,,steel,ghost,,,,,,,,,,,,,,,,
681,Kalos,Aegislash,,steel,ghost,,,,,,,,,,,,,,,,
682,Kalos,Spritzee,,fairy,,,,,,,,,,,,,,,,,
683,Kalos,Aromatisse,,fairy,,,,,,,,,,,,,,,,,
684,Kalos,Swirlix,,fairy,,,,,,,,,,,,,,,,,
685,Kalos,Slurpuff,,fairy,,,,,,,,,,,,,,,,,
686,Kalos,Inkay,,dark,psychic,,,,,,,,,,,,,,,,
687,Kalos,Malamar,,dark,psychic,,,,,,,,,,,,,,,,
688,Kalos,Binacle,,rock,water,,,,,,,,,,,,,,,,
689,Kalos,Barbaracle,,rock,water,,,,,,,,,,,,,,,,
690,Kalos,Skrelp,,poison,water,,,,,,,,,,,,,,,,
691,Kalos,Dragalge,,poison,dragon,,,,,,,,,,,,,,,,
692,Kalos,Clauncher,,water,,,,,,,,,,,,,,,,,
693,Kalos,Clawitzer,,water,,,,,,,,,,,,,,,,,
694,Kalos,Helioptile,,electric,normal,,,,,,,,,,,,,,,,
695,Kalos,Heliolisk,,electric,normal,,,,,,,,,,,,,,,,
696,Kalos,Tyrunt,,rock,dragon,,,,,,,,,,,,,,,,
697,Kalos,Tyrantrum,,rock,dragon,,,,,,,,,,,,,,,,
698,Kalos,Amaura,,rock,ice,,,,,,,,,,,,,,,,
699,Kalos,Aurorus,,rock,ice,,,,,,,,,,,,,,,,
700,Kalos,Sylveon,2,fairy,,"""Looks creepy, imagine waking up and seeing that""",,,,,,,,,,,,,,,
701,Kalos,Hawlucha,,fighting,flying,,,,,,,,,,,,,,,,
702,Kalos,Dedenne,,electric,fairy,,,,,,,,,,,,,,,,
703,Kalos,Carbink,,rock,fairy,,,,,,,,,,,,,,,,
704,Kalos,Goomy,,dragon,,,,,,,,,,,,,,,,,
705,Kalos,Sliggoo,,dragon,,,,,,,,,,,,,,,,,
706,Kalos,Goodra,,dragon,,,,,,,,,,,,,,,,,
707,Kalos,Klefki,,steel,fairy,,,,,,,,,,,,,,,,
708,Kalos,Phantump,,ghost,grass,,,,,,,,,,,,,,,,
709,Kalos,Trevenant,,ghost,grass,,,,,,,,,,,,,,,,
710,Kalos,Pumpkaboo,,ghost,grass,,,,,,,,,,,,,,,,
711,Kalos,Gourgeist,,ghost,grass,,,,,,,,,,,,,,,,
712,Kalos,Bergmite,,ice,,,,,,,,,,,,,,,,,
713,Kalos,Avalugg,,ice,,,,,,,,,,,,,,,,,
714,Kalos,Noibat,,flying,dragon,,,,,,,,,,,,,,,,
715,Kalos,Noivern,,flying,dragon,,,,,,,,,,,,,,,,
716,Kalos,Xerneas,,fairy,,,,,,,,,,,,,,,,,
717,Kalos,Yveltal,,dark,flying,,,,,,,,,,,,,,,,
718,Kalos,Zygarde,,dragon,ground,,,,,,,,,,,,,,,,
719,Kalos,Diancie,,rock,fairy,,,,,,,,,,,,,,,,
720,Kalos,Hoopa,,psychic,ghost,,,,,,,,,,,,,,,,
721,Kalos,Volcanion,,fire,water,,,,,,,,,,,,,,,,
722,Alola,Rowlet,4.4,grass,flying,"""looks like a badly designed easter egg""",,,,,,,,,,,,,,,
723,Alola,Dartrix,4.3,grass,flying,"""looks like he'd wear a fedora and his dream job is a magician""",,,,,,,,,,,,,,,
724,Alola,Decidueye,5.2,grass,ghost,"""giving robin hood vibes""",,,,,,,,,,,,,,,
725,Alola,Litten,,fire,,,,,,,,,,,,,,,,,
726,Alola,Torracat,,fire,,,,,,,,,,,,,,,,,
727,Alola,Incineroar,,fire,dark,,,,,,,,,,,,,,,,
728,Alola,Popplio,,water,,,,,,,,,,,,,,,,,
729,Alola,Brionne,,water,,,,,,,,,,,,,,,,,
730,Alola,Primarina,,water,fairy,,,,,,,,,,,,,,,,
731,Alola,Pikipek,,normal,flying,,,,,,,,,,,,,,,,
732,Alola,Trumbeak,,normal,flying,,,,,,,,,,,,,,,,
733,Alola,Toucannon,,normal,flying,,,,,,,,,,,,,,,,
734,Alola,Yungoos,,normal,,,,,,,,,,,,,,,,,
735,Alola,Gumshoos,0,normal,,"""Donald Trump vibes""",,,,,,,,,,,,,,,
736,Alola,Grubbin,,bug,,,,,,,,,,,,,,,,,
737,Alola,Charjabug,,bug,electric,,,,,,,,,,,,,,,,
738,Alola,Vikavolt,,bug,electric,,,,,,,,,,,,,,,,
739,Alola,Crabrawler,,fighting,,,,,,,,,,,,,,,,,
740,Alola,Crabominable,,fighting,ice,,,,,,,,,,,,,,,,
741,Alola,Oricorio,,fire,flying,,,,,,,,,,,,,,,,
742,Alola,Cutiefly,,bug,fairy,,,,,,,,,,,,,,,,
743,Alola,Ribombee,,bug,fairy,,,,,,,,,,,,,,,,
744,Alola,Rockruff,,rock,,,,,,,,,,,,,,,,,
745,Alola,Lycanroc,,rock,,,,,,,,,,,,,,,,,
746,Alola,Wishiwashi,,water,,,,,,,,,,,,,,,,,
747,Alola,Mareanie,,poison,water,,,,,,,,,,,,,,,,
748,Alola,Toxapex,,poison,water,,,,,,,,,,,,,,,,
749,Alola,Mudbray,,ground,,,,,,,,,,,,,,,,,
750,Alola,Mudsdale,,ground,,,,,,,,,,,,,,,,,
751,Alola,Dewpider,,water,bug,,,,,,,,,,,,,,,,
752,Alola,Araquanid,,water,bug,,,,,,,,,,,,,,,,
753,Alola,Fomantis,,grass,,,,,,,,,,,,,,,,,
754,Alola,Lurantis,,grass,,,,,,,,,,,,,,,,,
755,Alola,Morelull,,grass,fairy,,,,,,,,,,,,,,,,
756,Alola,Shiinotic,,grass,fairy,,,,,,,,,,,,,,,,
757,Alola,Salandit,,poison,fire,,,,,,,,,,,,,,,,
758,Alola,Salazzle,,poison,fire,,,,,,,,,,,,,,,,
759,Alola,Stufful,,normal,fighting,,,,,,,,,,,,,,,,
760,Alola,Bewear,,normal,fighting,,,,,,,,,,,,,,,,
761,Alola,Bounsweet,,grass,,,,,,,,,,,,,,,,,
762,Alola,Steenee,,grass,,,,,,,,,,,,,,,,,
763,Alola,Tsareena,,grass,,,,,,,,,,,,,,,,,
764,Alola,Comfey,,fairy,,,,,,,,,,,,,,,,,
765,Alola,Oranguru,,normal,psychic,,,,,,,,,,,,,,,,
766,Alola,Passimian,,fighting,,,,,,,,,,,,,,,,,
767,Alola,Wimpod,,bug,water,,,,,,,,,,,,,,,,
768,Alola,Golisopod,,bug,water,,,,,,,,,,,,,,,,
769,Alola,Sandygast,,ghost,ground,,,,,,,,,,,,,,,,
770,Alola,Palossand,,ghost,ground,,,,,,,,,,,,,,,,
771,Alola,Pyukumuku,,water,,,,,,,,,,,,,,,,,
772,Alola,Type: Null,,normal,,,,,,,,,,,,,,,,,
773,Alola,Silvally,,normal,,,,,,,,,,,,,,,,,
774,Alola,Minior,,rock,flying,,,,,,,,,,,,,,,,
775,Alola,Komala,,normal,,,,,,,,,,,,,,,,,
776,Alola,Turtonator,,fire,dragon,,,,,,,,,,,,,,,,
777,Alola,Togedemaru,,electric,steel,,,,,,,,,,,,,,,,
778,Alola,Mimikyu,,ghost,fairy,,,,,,,,,,,,,,,,
779,Alola,Bruxish,4.6,water,psychic,"""giving 'I have a burn book' energy""",,,,,,,,,,,,,,,
780,Alola,Drampa,,normal,dragon,,,,,,,,,,,,,,,,
781,Alola,Dhelmise,,ghost,grass,,,,,,,,,,,,,,,,
782,Alola,Jangmo-o,,dragon,,,,,,,,,,,,,,,,,
783,Alola,Hakamo-o,,dragon,fighting,,,,,,,,,,,,,,,,
784,Alola,Kommo-o,,dragon,fighting,,,,,,,,,,,,,,,,
785,Alola,Tapu Koko,,electric,fairy,,,,,,,,,,,,,,,,
786,Alola,Tapu Lele,,psychic,fairy,,,,,,,,,,,,,,,,
787,Alola,Tapu Bulu,,grass,fairy,,,,,,,,,,,,,,,,
788,Alola,Tapu Fini,,water,fairy,,,,,,,,,,,,,,,,
789,Alola,Cosmog,,psychic,,,,,,,,,,,,,,,,,
790,Alola,Cosmoem,,psychic,,,,,,,,,,,,,,,,,
791,Alola,Solgaleo,,psychic,steel,,,,,,,,,,,,,,,,
792,Alola,Lunala,,psychic,ghost,,,,,,,,,,,,,,,,
793,Alola,Nihilego,,rock,poison,,,,,,,,,,,,,,,,
794,Alola,Buzzwole,,bug,fighting,,,,,,,,,,,,,,,,
795,Alola,Pheromosa,,bug,fighting,,,,,,,,,,,,,,,,
796,Alola,Xurkitree,,electric,,,,,,,,,,,,,,,,,
797,Alola,Celesteela,,steel,flying,,,,,,,,,,,,,,,,
798,Alola,Kartana,,grass,steel,,,,,,,,,,,,,,,,
799,Alola,Guzzlord,,dark,dragon,,,,,,,,,,,,,,,,
800,Alola,Necrozma,,psychic,,,,,,,,,,,,,,,,,
801,Alola,Magearna,,steel,fairy,,,,,,,,,,,,,,,,
802,Alola,Marshadow,7.3,fighting,ghost,"""looks like a piece of lint, she is a piece of lint, you see how flammable she is"" + ""I see myself in her""",,,,,,,,,,,,,,,
803,Alola,Poipole,,poison,,,,,,,,,,,,,,,,,
804,Alola,Naganadel,,poison,dragon,,,,,,,,,,,,,,,,
805,Alola,Stakataka,,rock,steel,,,,,,,,,,,,,,,,
806,Alola,Blacephalon,,fire,ghost,,,,,,,,,,,,,,,,
807,Alola,Zeraora,,electric,,,,,,,,,,,,,,,,,
808,Alola,Meltan,,steel,,,,,,,,,,,,,,,,,
809,Alola,Melmetal,,steel,,,,,,,,,,,,,,,,,
810,Galar,Grookey,6.4,grass,,"""it's like a Duolingo monkey""",,,,,,,,,,,,,,,
811,Galar,Thwackey,4.7,grass,,"""Has a grumpy attitude, but it would probably still look out for you""",,,,,,,,,,,,,,,
812,Galar,Rillaboom,4.6,grass,,"""Not my cup of tea, but has a cool vibe""",,,,,,,,,,,,,,,
813,Galar,Scorbunny,,fire,,,,,,,,,,,,,,,,,
814,Galar,Raboot,,fire,,,,,,,,,,,,,,,,,
815,Galar,Cinderace,4.3,fire,,"""Nihar's jealous of this Pokemon""",,,,,,,,,,,,,,,
816,Galar,Sobble,,water,,,,,,,,,,,,,,,,,
817,Galar,Drizzile,,water,,,,,,,,,,,,,,,,,
818,Galar,Inteleon,,water,,,,,,,,,,,,,,,,,
819,Galar,Skwovet,,normal,,,,,,,,,,,,,,,,,
820,Galar,Greedent,,normal,,,,,,,,,,,,,,,,,
821,Galar,Rookidee,,flying,,,,,,,,,,,,,,,,,
822,Galar,Corvisquire,,flying,,,,,,,,,,,,,,,,,
823,Galar,Corviknight,,flying,steel,,,,,,,,,,,,,,,,
824,Galar,Blipbug,,bug,,,,,,,,,,,,,,,,,
825,Galar,Dottler,,bug,psychic,,,,,,,,,,,,,,,,
826,Galar,Orbeetle,,bug,psychic,,,,,,,,,,,,,,,,
827,Galar,Nickit,,dark,,,,,,,,,,,,,,,,,
828,Galar,Thievul,,dark,,,,,,,,,,,,,,,,,
829,Galar,Gossifleur,,grass,,,,,,,,,,,,,,,,,
830,Galar,Eldegoss,,grass,,,,,,,,,,,,,,,,,
831,Galar,Wooloo,,normal,,,,,,,,,,,,,,,,,
832,Galar,Dubwool,,normal,,,,,,,,,,,,,,,,,
833,Galar,Chewtle,,water,,,,,,,,,,,,,,,,,
834,Galar,Drednaw,,water,rock,,,,,,,,,,,,,,,,
835,Galar,Yamper,6.2,electric,,"""Looks like it could have Jaundice lol but it’s cute""",,,,,,,,,,,,,,,
836,Galar,Boltund,,electric,,,,,,,,,,,,,,,,,
837,Galar,Rolycoly,,rock,,,,,,,,,,,,,,,,,
838,Galar,Carkol,,rock,fire,,,,,,,,,,,,,,,,
839,Galar,Coalossal,,rock,fire,,,,,,,,,,,,,,,,
840,Galar,Applin,,grass,dragon,,,,,,,,,,,,,,,,
841,Galar,Flapple,,grass,dragon,,,,,,,,,,,,,,,,
842,Galar,Appletun,,grass,dragon,,,,,,,,,,,,,,,,
843,Galar,Silicobra,,ground,,,,,,,,,,,,,,,,,
844,Galar,Sandaconda,,ground,,,,,,,,,,,,,,,,,
845,Galar,Cramorant,,flying,water,,,,,,,,,,,,,,,,
846,Galar,Arrokuda,,water,,,,,,,,,,,,,,,,,
847,Galar,Barraskewda,,water,,,,,,,,,,,,,,,,,
848,Galar,Toxel,,electric,poison,,,,,,,,,,,,,,,,
849,Galar,Toxtricity,,electric,poison,,,,,,,,,,,,,,,,
850,Galar,Sizzlipede,,fire,bug,,,,,,,,,,,,,,,,
851,Galar,Centiskorch,,fire,bug,,,,,,,,,,,,,,,,
852,Galar,Clobbopus,,fighting,,,,,,,,,,,,,,,,,
853,Galar,Grapploct,,fighting,,,,,,,,,,,,,,,,,
854,Galar,Sinistea,,ghost,,,,,,,,,,,,,,,,,
855,Galar,Polteageist,,ghost,,,,,,,,,,,,,,,,,
856,Galar,Hatenna,,psychic,,,,,,,,,,,,,,,,,
857,Galar,Hattrem,,psychic,,,,,,,,,,,,,,,,,
858,Galar,Hatterene,,psychic,fairy,,,,,,,,,,,,,,,,
859,Galar,Impidimp,,dark,fairy,,,,,,,,,,,,,,,,
860,Galar,Morgrem,,dark,fairy,,,,,,,,,,,,,,,,
861,Galar,Grimmsnarl,,dark,fairy,,,,,,,,,,,,,,,,
862,Galar,Obstagoon,,dark,normal,,,,,,,,,,,,,,,,
863,Galar,Perrserker,,steel,,,,,,,,,,,,,,,,,
864,Galar,Cursola,,ghost,,,,,,,,,,,,,,,,,
865,Galar,Sirfetch'd,,fighting,,,,,,,,,,,,,,,,,
866,Galar,Mr. Rime,,ice,psychic,,,,,,,,,,,,,,,,
867,Galar,Runegeris,,ground,ghost,,,,,,,,,,,,,,,,
868,Galar,Milcery,,fairy,,,,,,,,,,,,,,,,,
869,Galar,Alcremie,,fairy,,,,,,,,,,,,,,,,,
870,Galar,Falinks,,fighting,,,,,,,,,,,,,,,,,
871,Galar,Pincurchin,,electric,,,,,,,,,,,,,,,,,
872,Galar,Snom,,ice,bug,,,,,,,,,,,,,,,,
873,Galar,Frosmoth,,ice,bug,,,,,,,,,,,,,,,,
874,Galar,Stonjourner,,rock,,,,,,,,,,,,,,,,,
875,Galar,Eiscue,,ice,,,,,,,,,,,,,,,,,
876,Galar,Indeedee,,psychic,normal,,,,,,,,,,,,,,,,
877,Galar,Morpeko,,electric,dark,,,,,,,,,,,,,,,,
878,Galar,Cufant,8.3,steel,,"""she's that girl""",,,,,,,,,,,,,,,
879,Galar,Copperajah,5.7,steel,,"""pick me energy""",,,,,,,,,,,,,,,
880,Galar,Dracozolt,,electric,dragon,,,,,,,,,,,,,,,,
881,Galar,Arctozolt,,electric,ice,,,,,,,,,,,,,,,,
882,Galar,Dracovish,,water,dragon,,,,,,,,,,,,,,,,
883,Galar,Arctovish,,water,ice,,,,,,,,,,,,,,,,
884,Galar,Duraludon,,steel,dragon,,,,,,,,,,,,,,,,
885,Galar,Dreepy,,dragon,ghost,,,,,,,,,,,,,,,,
886,Galar,Drakloak,,dragon,ghost,,,,,,,,,,,,,,,,
887,Galar,Dragapult,,dragon,ghost,,,,,,,,,,,,,,,,
888,Galar,Zacian,,fairy,,,,,,,,,,,,,,,,,
889,Galar,Zamazenta,,fighting,,,,,,,,,,,,,,,,,
890,Galar,Eternatus,,poison,dragon,,,,,,,,,,,,,,,,
891,Galar,Kubfu,,fighting,,,,,,,,,,,,,,,,,
892,Galar,Urshifu,,fighting,dark,,,,,,,,,,,,,,,,
893,Galar,Zarude,,dark,grass,,,,,,,,,,,,,,,,
894,Galar,Regieleki,4.2,electric,,"""If a lemonhead was a pokemon"" (candy)",,,,,,,,,,,,,,,
895,Galar,Regidrago,0,dragon,,"""I feel like the artist lost sight of the design""",,,,,,,,,,,,,,,
896,Galar,Glastrier,,ice,,,,,,,,,,,,,,,,,
897,Galar,Spectrier,,ghost,,,,,,,,,,,,,,,,,
898,Galar,Calyrex,,psychic,grass,,,,,,,,,,,,,,,,
899,Hisui,Wyrdeer,,normal,psychic,,,,,,,,,,,,,,,,
900,Hisui,Kleavor,,bug,rock,,,,,,,,,,,,,,,,
901,Hisui,Ursaluna,2,ground,normal,"""the mole-bear can go straight back to where it came from""",,,,,,,,,,,,,,,
902,Hisui,Basculegion,,water,ghost,,,,,,,,,,,,,,,,
903,Hisui,Sneasler,,fighting,poison,,,,,,,,,,,,,,,,
904,Hisui,Overqwil,,dark,poison,,,,,,,,,,,,,,,,
905,Hisui,Enamorus,,fairy,flying,,,,,,,,,,,,,,,,
906,Paldea,Sprigatito,,grass,,,,,,,,,,,,,,,,,
907,Paldea,Floragato,,grass,,,,,,,,,,,,,,,,,
908,Paldea,Meowscarada,,grass,dark,,,,,,,,,,,,,,,,
909,Paldea,Fuecoco,,fire,,,,,,,,,,,,,,,,,
910,Paldea,Crocalor,,fire,,,,,,,,,,,,,,,,,
911,Paldea,Skeledirge,,fire,ghost,,,,,,,,,,,,,,,,
912,Paldea,Quaxly,,water,,,,,,,,,,,,,,,,,
913,Paldea,Quaxwell,,water,,,,,,,,,,,,,,,,,
914,Paldea,Quaquaval,3.3,water,fighting,"""looks like it has anal beads for a tail""",,,,,,,,,,,,,,,
915,Paldea,Lechonk,3,normal,,,,,,,,,,,,,,,,,
916,Paldea,Oinkologne,,normal,,,,,,,,,,,,,,,,,
917,Paldea,Tarountula,,bug,,,,,,,,,,,,,,,,,
918,Paldea,Spidops,,bug,,,,,,,,,,,,,,,,,
919,Paldea,Nymble,,bug,,,,,,,,,,,,,,,,,
920,Paldea,Lokix,,bug,dark,,,,,,,,,,,,,,,,
921,Paldea,Pawmi,,electric,,,,,,,,,,,,,,,,,
922,Paldea,Pawmo,,electric,fighting,,,,,,,,,,,,,,,,
923,Paldea,Pawmot,,electric,fighting,,,,,,,,,,,,,,,,
924,Paldea,Tandemaus,4,normal,,"""they look like little serial killers""",,,,,,,,,,,,,,,
925,Paldea,Maushold,2,normal,,"""they're like kkk members running around"" + ""a 3 with the 3-mouse crew"" + ""3's a crowd""",,,,,,,,,,,,,,,
926,Paldea,Fidough,,fairy,,,,,,,,,,,,,,,,,
927,Paldea,Dachsbun,,fairy,,,,,,,,,,,,,,,,,
928,Paldea,Smoliv,,grass,normal,,,,,,,,,,,,,,,,
929,Paldea,Dolliv,,grass,normal,,,,,,,,,,,,,,,,
930,Paldea,Arboliva,,grass,normal,,,,,,,,,,,,,,,,
931,Paldea,Squawkabilly,,normal,flying,,,,,,,,,,,,,,,,
932,Paldea,Nacli,,rock,,,,,,,,,,,,,,,,,
933,Paldea,Naclstack,,rock,,,,,,,,,,,,,,,,,
934,Paldea,Garganacl,,rock,,,,,,,,,,,,,,,,,
935,Paldea,Charcadet,,fire,,,,,,,,,,,,,,,,,
936,Paldea,Armarouge,,fire,psychic,,,,,,,,,,,,,,,,
937,Paldea,Ceruledge,,fire,ghost,,,,,,,,,,,,,,,,
938,Paldea,Tadbulb,,electric,,,,,,,,,,,,,,,,,
939,Paldea,Bellibolt,,electric,,,,,,,,,,,,,,,,,
940,Paldea,Wattrel,,electric,flying,,,,,,,,,,,,,,,,
941,Paldea,Kilowattrel,,electric,flying,,,,,,,,,,,,,,,,
942,Paldea,Maschiff,,dark,,,,,,,,,,,,,,,,,
943,Paldea,Mabosstiff,,dark,,,,,,,,,,,,,,,,,
944,Paldea,Shroodle,,poison,normal,,,,,,,,,,,,,,,,
945,Paldea,Grafaiai,,poison,normal,,,,,,,,,,,,,,,,
946,Paldea,Bramblin,,grass,ghost,,,,,,,,,,,,,,,,
947,Paldea,Brambleghast,,grass,ghost,,,,,,,,,,,,,,,,
948,Paldea,Toedscool,,ground,grass,,,,,,,,,,,,,,,,
949,Paldea,Toedscruel,,ground,grass,,,,,,,,,,,,,,,,
950,Paldea,Klawf,,rock,,,,,,,,,,,,,,,,,
951,Paldea,Capsakid,,grass,,,,,,,,,,,,,,,,,
952,Paldea,Scovillain,,grass,fire,,,,,,,,,,,,,,,,
953,Paldea,Rellor,1.15,bug,,"""pedophile vibes"" + ""between 0.3 and 2. 0.3 because it's a bug and also because of the pedophilia, 2 because 'is it really that bad?' + ""unibrow representation""",,,,,,,,,,,,,,,
954,Paldea,Rabsca,,bug,psychic,,,,,,,,,,,,,,,,
955,Paldea,Flittle,,psychic,,,,,,,,,,,,,,,,,
956,Paldea,Espathra,,psychic,,,,,,,,,,,,,,,,,
957,Paldea,Tinkatink,,fairy,steel,,,,,,,,,,,,,,,,
958,Paldea,Tinkatuff,,fairy,steel,,,,,,,,,,,,,,,,
959,Paldea,Tinkaton,,fairy,steel,,,,,,,,,,,,,,,,
960,Paldea,Wiglett,1,water,,"""It looks like a dildo and the plush should have never been created"" + ""they're better in groups""",,,,,,,,,,,,,,,
961,Paldea,Wugtrio,3.7,water,,"""This is what I imagine being redpilled looks like"" + ""if it was alone, it'd look like a used tampon - that's the female perspective""",,,,,,,,,,,,,,,
962,Paldea,Bombirdier,,flying,dark,,,,,,,,,,,,,,,,
963,Paldea,Finizen,,water,,,,,,,,,,,,,,,,,
964,Paldea,Palafin,,water,,,,,,,,,,,,,,,,,
965,Paldea,Varoom,,steel,poison,,,,,,,,,,,,,,,,
966,Paldea,Revavroom,,steel,poison,,,,,,,,,,,,,,,,
967,Paldea,Cyclizar,,dragon,normal,,,,,,,,,,,,,,,,
968,Paldea,Orthworm,,steel,,,,,,,,,,,,,,,,,
969,Paldea,Glimmet,,rock,poison,,,,,,,,,,,,,,,,
970,Paldea,Glimmora,,rock,poison,,,,,,,,,,,,,,,,
971,Paldea,Greavard,,ghost,,,,,,,,,,,,,,,,,
972,Paldea,Houndstone,,ghost,,,,,,,,,,,,,,,,,
973,Paldea,Flamigo,,flying,fighting,,,,,,,,,,,,,,,,
974,Paldea,Cetoddle,,ice,,,,,,,,,,,,,,,,,
975,Paldea,Cetitan,,ice,,,,,,,,,,,,,,,,,
976,Paldea,Veluza,,water,psychic,,,,,,,,,,,,,,,,
977,Paldea,Dondozo,,water,,,,,,,,,,,,,,,,,
978,Paldea,Tatsugiri,,dragon,water,,,,,,,,,,,,,,,,
979,Paldea,Annihilape,,fighting,ghost,,,,,,,,,,,,,,,,
980,Paldea,Clodsire,5.4,poison,ground,it looks like if someone wanted to draw a whale with their eyes closed,,,,,,,,,,,,,,,
981,Paldea,Farigiraf,,normal,psychic,,,,,,,,,,,,,,,,
982,Paldea,Dudunsparce,,normal,,,,,,,,,,,,,,,,,
983,Paldea,Kingambit,,dark,steel,,,,,,,,,,,,,,,,
984,Paldea,Great Tusk,-1,ground,fighting,"""Think it's gonna stab its eyes out with its tusk if it keeps growing""",,,,,,,,,,,,,,,
985,Paldea,Scream Tail,,fairy,psychic,,,,,,,,,,,,,,,,
986,Paldea,Brute Bonnet,,grass,dark,,,,,,,,,,,,,,,,
987,Paldea,Flutter Mane,,ghost,fairy,,,,,,,,,,,,,,,,
988,Paldea,Slither Wing,,bug,fighting,,,,,,,,,,,,,,,,
989,Paldea,Sandy Shocks,,electric,ground,,,,,,,,,,,,,,,,
990,Paldea,Iron Treads,0,ground,steel,"""If a cryptobro was a Pokemon""",,,,,,,,,,,,,,,
991,Paldea,Iron Bundle,,ice,water,,,,,,,,,,,,,,,,
992,Paldea,Iron Hands,,fighting,electric,,,,,,,,,,,,,,,,
993,Paldea,Iron Jugulis,,dark,flying,,,,,,,,,,,,,,,,
994,Paldea,Iron Moth,,fire,poison,,,,,,,,,,,,,,,,
995,Paldea,Iron Thorns,,rock,electric,,,,,,,,,,,,,,,,
996,Paldea,Frigibax,,dragon,ice,,,,,,,,,,,,,,,,
997,Paldea,Arctibax,,dragon,ice,,,,,,,,,,,,,,,,
998,Paldea,Baxcalibur,,dragon,ice,,,,,,,,,,,,,,,,
999,Paldea,Gimmighoul,,ghost,,,,,,,,,,,,,,,,,
1000,Paldea,Gholdengo,,steel,ghost,,,,,,,,,,,,,,,,
1001,Paldea,Wo-Chien,,dark,grass,,,,,,,,,,,,,,,,
1002,Paldea,Chien-Pao,,dark,ice,,,,,,,,,,,,,,,,
1003,Paldea,Ting-Lu,,dark,ground,,,,,,,,,,,,,,,,
1004,Paldea,Chi-Yu,,dark,fire,,,,,,,,,,,,,,,,
1005,Paldea,Roaring Moon,,dragon,dark,,,,,,,,,,,,,,,,
1006,Paldea,Iron Valiant,,fairy,fighting,,,,,,,,,,,,,,,,
1007,Paldea,Koraidon,,fighting,dragon,,,,,,,,,,,,,,,,
1008,Paldea,Miraidon,,electric,dragon,,,,,,,,,,,,,,,,
1009,Paldea,Walking Wake,,water,dragon,,,,,,,,,,,,,,,,
1010,Paldea,Iron Leaves,,grass,psychic,,,,,,,,,,,,,,,,
1011,Paldea,Dipplin,,grass,dragon,,,,,,,,,,,,,,,,
1012,Paldea,Poltchageist,,grass,ghost,,,,,,,,,,,,,,,,
1013,Paldea,Sinistcha,,grass,ghost,,,,,,,,,,,,,,,,
1014,Paldea,Okidogi,5,poison,fighting,"""If Crash Bandicoot and the Hulk combined, it would be this"" + more points due to nostalgia ",,,,,,,,,,,,,,,
1015,Paldea,Munkidori,3.2,poison,psychic,"""Looks like Mojo Jojo and I don't like the yellow eyes""",,,,,,,,,,,,,,,
1016,Paldea,Fezandipiti,4.4,poison,fairy,"""I like her but she's kinda bleh, but I don't want to be mean."" + AUTHORS EDIT: he is a boy, and rating isn't changed",,,,,,,,,,,,,,,
1017,Paldea,Ogerpon,1.3,grass,,"""It needs a mask, just not the Wario mask (green one). It's creepy""",,,,,,,,,,,,,,,
1018,Paldea,Archaludon,,steel,dragon,,,,,,,,,,,,,,,,
1019,Paldea,Hydrapple,,grass,dragon,,,,,,,,,,,,,,,,
1020,Paldea,Gouging Fire,,fire,dragon,,,,,,,,,,,,,,,,
1021,Paldea,Raging Bolt,,electric,dragon,,,,,,,,,,,,,,,,
1022,Paldea,Iron Boulder,,rock,psychic,,,,,,,,,,,,,,,,
1023,Paldea,Iron Crown,,steel,psychic,,,,,,,,,,,,,,,,
1024,Paldea,Terapagos,,normal,,,,,,,,,,,,,,,,,
1025,Paldea,Pecharunt,0.3,poison,ghost,"""If Logan Roy was a Pokemon (because of the mochi story). It has some old man energy.""",,,,,,,,,,,,,,,